,experience,test_score,interview_score,salary
0,6,9,8,66277.61836441894
1,11,9,9,85832.85509325683
2,12,7,7,77795.3132472501
3,4,8,6,50438.54615016737
4,5,9,9,67269.0100430416
