experience,test_score,interview_score,salary
4.78144024,8.0,9.0,65000
7.99038898,8.0,6.0,45000
5.0,6.0,7.0,60000
2.0,10.0,10.0,65000
7.0,9.0,6.0,70000
3.0,7.0,7.571428571428571,62000
10.0,7.857142857142857,7.0,72000
11.0,7.0,8.0,80000
